Pergunta,Resposta FAQ,Resposta sem RAG,semantic_score,lexical_score,final_score,classificacao,FS 0.5,FS 0.6,FS 0.7,FS 0.8,FS 0.9,label_manual,RESUMO FINAL Média final: 0.6565,,
O que é o Cadastro Ambiental Rural – CAR e qual é a sua finalidade?,"O Cadastro Ambiental Rural – CAR é um registro público eletrônico nacional, obrigatório para todos os imóveis rurais, com a finalidade de integrar as informações ambientais das propriedades e posses rurais, compondo base de dados para controle, monitoramento, planejamento ambiental e econômico e combate ao desmatamento. Foi criado pela Lei 12.651/2012, art. 29.","O Cadastro Ambiental Rural (CAR) é um registro público eletrônico obrigatório para todos os imóveis rurais no Brasil. Ele foi criado pela Lei nº 12.651/2012 (Código Florestal), também conhecida como o novo Código Florestal.

📌 O que é o CAR?

O CAR funciona como um banco de dados que reúne informações ambientais das propriedades rurais, como:

Limites do imóvel
Áreas de preservação permanente (APP)
Reserva legal
Áreas de uso restrito
Áreas consolidadas (já utilizadas)

Essas informações são declaradas pelo próprio proprietário ou possuidor rural por meio de um sistema online.

🎯 Qual é a finalidade do CAR?

O principal objetivo do CAR é controlar, monitorar e combater o desmatamento, além de ajudar na regularização ambiental das propriedades rurais. Entre suas finalidades estão:

🌱 Regularização ambiental: permite que o proprietário entre em programas para corrigir irregularidades (como recuperação de áreas degradadas).
🛰️ Monitoramento ambiental: o governo usa os dados para fiscalizar o uso da terra e proteger vegetação nativa.
📊 Planejamento ambiental e econômico: auxilia políticas públicas e gestão do território.
💰 Acesso a crédito rural: em muitos casos, o CAR é exigido para obter financiamentos agrícolas.
🧾 Resumindo

O CAR é como um “RG ambiental” da propriedade rural. Ele ajuda o governo e o próprio produtor a manter o uso da terra dentro da lei, equilibrando produção e conservação.
","0,9288","0,134","0,7699",aceitável,1,1,1,0,0,1,"Excelente: ≥ 0.85

Aceitável: 0.70 – 0.84

Fraco: 0.50 – 0.69

Ruim: < 0.50    ",,"0

9

22

1"
O que é o Sistema de Cadastro Ambiental Rural - SICAR?,"O Sistema de Cadastro Ambiental Rural – SICAR é o responsável por emitir o Recibo de Inscrição do imóvel rural no CAR, confirmando a efetivação do cadastramento e o envio da documentação exigida para a análise da localização da área de Reserva Legal. Definido como Sistema eletrônico de âmbito nacional destinado ao gerenciamento de informações ambientais dos imóveis rurais de todo o País. Essas informações destinam-se a subsidiar políticas, programas, projetos e atividades de controle, monitoramento, planejamento ambiental e econômico e combate ao desmatamento.

Foi criado por meio do Decreto n° 7.830/2012, art. 3º, com os seguintes objetivos:

receber, gerenciar e integrar os dados do CAR de todos os entes federativos
cadastrar e controlar as informações dos imóveis rurais, referentes a seu perímetro e localização, aos remanescentes de vegetação nativa, às áreas de interesse social, às áreas de utilidade pública, às Áreas de Preservação Permanente, às Áreas de Uso Restrito, às áreas consolidadas e às Reservas Legais;
monitorar a manutenção, a recomposição, a regeneração, a compensação e a supressão da vegetação nativa e da cobertura vegetal nas áreas de Preservação Permanente, de Uso Restrito, e de Reserva Legal, no interior dos imóveis rurais;
promover o planejamento ambiental e econômico do uso do solo e conservação ambiental no território nacional; e
disponibilizar informações de natureza pública sobre a regularização ambiental dos imóveis rurais em território nacional, na Internet.

","O SICAR é o Sistema de Cadastro Ambiental Rural, uma plataforma eletrônica criada pelo governo brasileiro para gerenciar o Cadastro Ambiental Rural (CAR) em todo o país.

📌 O que é o SICAR?

O SICAR é um sistema online onde proprietários e possuidores de imóveis rurais registram informações ambientais de suas propriedades. Ele foi instituído no contexto do Código Florestal Brasileiro.

🌱 Para que serve?

O SICAR tem várias funções importantes:

Registrar dados ambientais das propriedades rurais
Monitorar áreas protegidas, como:
Áreas de Preservação Permanente (APP)
Reserva Legal
Apoiar o controle do desmatamento
Planejar recuperação ambiental (quando necessário)
Regularizar imóveis rurais junto aos órgãos ambientais
🗺️ O que é informado no sistema?

No cadastro, o proprietário precisa incluir:

Limites do imóvel (mapa georreferenciado)
Áreas de vegetação nativa
Áreas produtivas
APPs e Reservas Legais
Áreas degradadas
⚖️ Por que ele é importante?

O SICAR é essencial porque:

É obrigatório para imóveis rurais no Brasil
Permite acesso a benefícios como crédito rural
Ajuda o governo a fiscalizar e proteger o meio ambiente
É base para programas como o Programa de Regularização Ambiental (PRA)
🧠 Em resumo

O SICAR funciona como um grande banco de dados ambiental do país, reunindo informações das propriedades rurais para garantir que estejam em conformidade com a legislação ambiental.

Se quiser, posso te explicar como fazer o cadastro ou consultar um imóvel no SICAR 👍","0,8806","0,0367","0,7118",aceitável,1,1,1,0,0,1,,,
Quais são as situações em que os filtros automáticos do que Sistema de Cadastro Ambiental Rural – SICAR não permite finalização da inscrição do imóvel rural no CAR?,"O SICAR dispõe de filtros automáticos para recebimento dos cadastros e finalização do preenchimento do Módulo de Cadastro, que tem como objetivo estabelecer critérios mínimos para elaboração do cadastro e inscrição no CAR, sendo eles:

Limite Brasil: Tolerância de até 1 km de distância do imóvel em relação aos limites do Brasil, conforme base do IBGE;
Limites de Estados: A inscrição deve ser feita no estado que contenha mais de 50% da área do imóvel em hectares, segundo base de limites estaduais do IBGE;
Limites de município: O município que imóvel for declarado deve conter ao menos parte do perímetro do imóvel;
Imóvel sobreposto acima de 30% em Imóvel Rural já declarado com mesmos CPFs/CNPJs: Caso o cadastro seja declarado e já exista um imóvel na base do SICAR com as mesmas pessoas físicas ou jurídicas e a sobreposição seja igual ou maior à 30%, será considerado como tentativa de cadastro do mesmo imóvel, o que não é permitido pelo SICAR;
Divergência entre área do imóvel rural vetorizada e declarada em documento:
Para Imóveis rurais até 4 módulos fiscais:
Não é gerado o arquivo “.car” se a vetorização for divergente 100% da área declarada em documento. Para isso o sistema faz duas checagens:

Não gera “.car” se a vetorização é maior ou igual ao dobro da área declarada. Ex: Área total em Documento = 50ha e Vetorização = 100ha
Não gera “.car” se a declaração em documento maior ou igual ao dobro da área vetorizada. Ex: Área total em Documento = 100ha e Vetorização = 50ha
Para Imóveis rurais acima de 4 módulos fiscais:
Não é gerado “.car” se a vetorização for divergente 50% da área declarada em documento. Para isso o sistema faz duas checagens:

Não gera o arquivo “.car” se a vetorização for maior ou igual 1,5 vezes que a área declarada. Ex: Área total em Documento = 100ha e Vetorização = 150ha
Não gera “.car” se a declaração for maior ou igual 1,5 vezes maior que a área vetorizada. Ex: Área total em Documento = 150ha e Vetorização = 100ha
Envio para o SICAR nacional de “.car” gerado em Módulo de Cadastro do SICAR com receptor estadual: Não é permitido que o cadastro efetuado em Módulo de Cadastro do SICAR com receptor estadual seja enviado por meio da página do SICAR nacional (https://car.gov.br), neste caso o envio do “.car” deve ser feito no sítio eletrônico do SICAR estadual.","O Sistema de Cadastro Ambiental Rural (SICAR) possui filtros automáticos que impedem a finalização da inscrição no Cadastro Ambiental Rural (CAR) quando identifica inconsistências, pendências ou erros nos dados declarados. Esses bloqueios existem para garantir que o cadastro esteja correto antes de ser enviado.

Aqui estão as principais situações em que o sistema não permite finalizar a inscrição:

⚠️ 1. Inconsistências no mapa (geometria do imóvel)
Sobreposição do imóvel com:
outros imóveis já cadastrados no CAR
terras indígenas
unidades de conservação
áreas públicas (ex: glebas federais/estaduais)
Polígonos com erro (ex: áreas abertas, linhas cruzadas ou mal fechadas)
🌱 2. Falta de delimitação obrigatória

O sistema bloqueia se não forem desenhadas corretamente:

Área total do imóvel
Áreas de Preservação Permanente (APP), quando existirem
Reserva Legal (RL), quando exigida
Áreas consolidadas (uso antrópico)
📊 3. Divergência de áreas
A soma das áreas declaradas (APP + RL + uso consolidado + vegetação nativa etc.) não bate com a área total do imóvel
Valores incoerentes (ex: APP maior que o imóvel inteiro)
📍 4. Localização inválida ou incompleta
Imóvel fora do município informado
Coordenadas inconsistentes
Falta de informações básicas de localização
👤 5. Dados do proprietário/possuidor incompletos
CPF ou CNPJ inválido
Falta de dados obrigatórios (nome, endereço etc.)
📄 6. Informações obrigatórias não preenchidas
Campos essenciais deixados em branco
Declarações obrigatórias não confirmadas
🌳 7. Problemas com a Reserva Legal (RL)
Percentual de RL inferior ao mínimo exigido (conforme bioma)
RL não localizada ou não declarada corretamente
RL fora do imóvel sem indicação válida (ex: compensação)
🧭 8. Sobreposição interna incorreta
Áreas como APP, RL e uso consolidado se sobrepondo de forma inválida
Classificação incorreta de uso do solo
⚙️ 9. Erros técnicos do sistema
Falhas no processamento do arquivo (principalmente quando importado em shapefile/KML)
Dados corrompidos ou incompatíveis
✔️ Em resumo

O SICAR só permite finalizar quando:

todos os dados obrigatórios estão preenchidos,
o mapa está tecnicamente correto,
não há sobreposições inválidas,
e as regras ambientais são respeitadas.","0,816","0,0443","0,6616",fraco,1,1,0,0,0,0,,,
Quais são os casos em que os filtros automáticos do Sistema de Cadastro Ambiental Rural – SICAR alteram a situação do imóvel para pendente?,"O SICAR dispõe de filtros automáticos que tem como objetivo verificar a existência de pendências relativas à sobreposição de imóveis rurais com unidades de conservação, terras indígenas e áreas embargadas pelo IBAMA. Caso o imóvel rural inscrito no CAR apresente um ou mais casos ele terá sua situação alterada para “Pendente”, conforme as regras abaixo:

Terras Indígenas: O imóvel rural ficará “Pendente” caso esteja totalmente ou parcialmente sobreposto com Terras Indígenas homologadas constates na base de dados da FUNAI.
Unidades de Conservação: O imóvel rural ficará “Pendente” caso esteja totalmente ou parcialmente sobreposto com Unidades de Conservação dos tipos Reserva de Fauna (Reserva de Fauna), REBIO (Reserva Biológica), PARNA (Parque Nacional) e ESEC (Estação Ecológica) constantes na base de dados do CNUC (Cadastro Nacional de Unidades de Conservação), conforme as seguintes regras de tolerância:
10% para Imóveis rurais pequenos (até 4 módulos fiscais);
5% para Imóveis rurais médios (maiores que 4 até 15 módulos fiscais);
3% para Imóveis rurais grandes (maiores que 15 módulos fiscais)
Áreas embargadas pelos órgãos competentes: O imóvel rural ficará “Pendente” caso esteja totalmente ou parcialmente sobreposto com áreas embargadas constantes no sistema de áreas embargadas do IBAMA.
A consulta em relação às sobreposições e a situação da inscrição do imóvel rural no CAR podem ser obtidos no Demonstrativo da Situação do CAR, obtido por meio da consulta pública disponível em https://car.gov.br, utilizando-se do número do recibo ou do protocolo de inscrição, ou na Central do Proprietário/possuidor. Caso o imóvel esteja pendente por conta de uma ou mais sobreposições ele poderá proceder, na Central do Proprietário/possuidor, com a retificação ou envio de documentação conforme o caso.","Os filtros automáticos do Sistema de Cadastro Ambiental Rural (SICAR) analisam as informações declaradas no CAR e, quando encontram inconsistências ou possíveis irregularidades, alteram a situação do imóvel para “pendente”. Isso não significa necessariamente erro grave, mas indica que o cadastro precisa de análise ou correção.

Os principais casos são:

🔎 1. Sobreposição de áreas

Quando o imóvel declarado:

Se sobrepõe a outro CAR já cadastrado
Invade áreas públicas (como terras da União ou do estado)
Interfere com unidades de conservação ou terras indígenas
🌳 2. Inconsistências em Áreas de Preservação Permanente (APP)
APP não declarada corretamente
APP degradada sem indicação de recuperação
Divergência entre o que foi desenhado e os dados oficiais (rios, nascentes etc.)
🌿 3. Problemas na Reserva Legal (RL)
Ausência de delimitação da RL
Percentual inferior ao exigido por lei
Sobreposição da RL com áreas não permitidas
Falta de vinculação da RL ao imóvel
📐 4. Divergência de área
Diferença entre a área declarada e a área calculada pelo sistema
Geometria do imóvel com erros (polígonos inválidos ou inconsistentes)
🗺️ 5. Inconsistência cartográfica
Coordenadas incorretas
Limites desenhados fora do local real
Uso de base cartográfica incompatível
🌾 6. Uso e cobertura do solo incompatíveis
Declaração de vegetação diferente da identificada por imagens de satélite
Indícios de desmatamento não declarado
⚖️ 7. Conflitos com bases oficiais
Sobreposição com assentamentos rurais
Áreas embargadas ou com restrições ambientais
Divergência com dados de outros órgãos públicos
📝 8. Falta de informações obrigatórias
Cadastro incompleto
Ausência de documentos ou dados essenciais

💡 Resumo:
O status “pendente” aparece sempre que o sistema detecta algo que precisa ser verificado, corrigido ou validado pelo órgão ambiental. Nessa situação, o proprietário deve revisar o cadastro ou aguardar análise do órgão competente.","0,8614","0,0518","0,6994",fraco,1,1,0,0,0,0,,,
Qual é o prazo para inscrição do imóvel rural no CAR?,"Segundo o Decreto 9.395, de 30 de maio de 2018, a inscrição no CAR e o requerimento de adesão ao Programa de Regularização Ambiental - PRA, nos casos em que houver a necessidade de regularizar áreas consolidadas em Áreas de Preservação Permanente, Reserva Legal e áreas de uso restrito, deverão ser feitos até 31 de dezembro de 2018 sendo que, após essa data, as instituições financeiras só concederão crédito agrícola, em qualquer de suas modalidades, para proprietários de imóveis rurais que estejam inscritos no CAR.","O prazo para inscrição do imóvel rural no Cadastro Ambiental Rural (CAR) depende do contexto legal mais recente. Hoje, a situação é a seguinte:

📌 Regra geral (atual)
Não há mais um prazo final único para se inscrever no CAR.
O cadastro passou a ter prazo indeterminado, ou seja, pode ser feito a qualquer momento.

👉 Porém, isso não significa que você pode deixar para depois sem consequências.

⚠️ Prazos relevantes (para benefícios legais)

Apesar de o sistema estar aberto, existem prazos importantes ligados a benefícios, principalmente ao Programa de Regularização Ambiental (PRA):

Para imóveis de até 4 módulos fiscais:
📅 até 31 de dezembro de 2025 para garantir acesso a benefícios (como adesão ao PRA e crédito rural).
Para imóveis maiores que 4 módulos fiscais:
📅 prazo já encerrado em 31 de dezembro de 2023 para esses benefícios.
🚫 Consequências de não se inscrever

Mesmo sem prazo final obrigatório:

Você pode ficar impedido de obter crédito rural
Não consegue licenciamento ambiental
Pode sofrer sanções administrativas
✔️ Resumo direto
✔ Inscrição no CAR: sem prazo final (aberta continuamente)
⚠ Para benefícios (PRA, crédito, regularização):
Pequenos imóveis: até 31/12/2025
Grandes imóveis: prazo já expirado","0,7865","0,0732","0,6439",fraco,1,1,0,0,0,0,,,
Como fazer a inscrição do imóvel rural no CAR?,"A inscrição no CAR é realizada por meio de sistema eletrônico e deverá ser feita junto ao órgão estadual competente, na Unidade da Federação (UF) em que se localiza o imóvel rural. Estados e Distrito Federal disponibilizam, na internet, endereço eletrônico para interface de programa junto ao SICAR, destinado à inscrição, à consulta e ao acompanhamento da situação da regularização ambiental dos imóveis rurais. Esses endereços podem ser acessados por meio do SICAR, no link https://car.gov.br/#/contatos.

","Fazer a inscrição de um imóvel rural no CAR (Cadastro Ambiental Rural) é um passo obrigatório para regularizar sua propriedade ambientalmente no Brasil. Aqui vai um guia direto e atualizado para você entender o processo:

📌 O que é o CAR?

O CAR é um registro eletrônico obrigatório para todos os imóveis rurais, criado pela Serviço Florestal Brasileiro no contexto do Código Florestal Brasileiro. Ele reúne informações ambientais da propriedade, como áreas de preservação e uso do solo.

🧾 O que você precisa antes de começar

Tenha em mãos:

Documento pessoal (CPF ou CNPJ)
Documento do imóvel (escritura, posse, contrato etc.)
Informações da área (tamanho, localização)
Mapa ou croqui do imóvel (preferencialmente georreferenciado)
💻 Passo a passo para fazer o CAR
1. Acesse o sistema oficial

Entre no site do Sistema Nacional de Cadastro Ambiental Rural (SICAR).

2. Baixe o módulo de cadastro
Instale o programa no computador ou
Use a versão online (em alguns estados)
3. Cadastre o imóvel

Você vai preencher:

Dados do proprietário/possuidor
Informações do imóvel
Atividades desenvolvidas
4. Desenhe o mapa da propriedade

No sistema, você deve delimitar:

Área total do imóvel
Área de Preservação Permanente (APP)
Reserva Legal
Áreas consolidadas (uso já existente)
5. Revise e envie
Confira todos os dados
Envie o cadastro pelo sistema
Guarde o recibo (ele comprova a inscrição)
⏳ Depois da inscrição

O cadastro passará por análise do órgão ambiental estadual. Se houver pendências, você será notificado para corrigir.

⚠️ Dicas importantes
O CAR é obrigatório, mesmo para pequenos produtores
Não exige pagamento (é gratuito)
Você pode precisar de apoio técnico (engenheiro agrônomo ou ambiental), especialmente para o mapa
📍 Em Minas Gerais

Se você estiver em MG, o processo pode ser acompanhado pelo órgão ambiental estadual, como a Secretaria de Estado de Meio Ambiente e Desenvolvimento Sustentável de Minas Gerais (SEMAD).","0,7976","0,0604","0,6501",fraco,1,1,0,0,0,1,,,
Para que serve a inscrição do imóvel rural no CAR?,"A inscrição do imóvel rural no CAR serve para:

cumprir da obrigatoriedade de declaração e registro das informações ambientais de todos os imóveis rurais no Brasil e emissão do “Recibo de Inscrição do Imóvel Rural no CAR”;
registrar a área de Reserva Legal no órgão ambiental competente, e como requisito para aprovação da sua localização;
proceder à regularização ambiental mediante adesão aos Programas de Regularização Ambiental dos Estados e do Distrito Federal – PRA;
acessar aos programas de apoio governamental;
requisitar autorização da prática de aquicultura e infraestrutura a ela associada nos imóveis rurais com até 15 (quinze) módulos rurais, localizados em áreas de preservação permanente;
requisitar autorização de supressão de floresta ou outras formas de vegetação nativa no imóvel rural;
requisitar o cômputo das Áreas de Preservação Permanente no cálculo da Reserva Legal do imóvel;
requisitar autorização da exploração econômica da Reserva Legal mediante manejo sustentável;
requisitar a constituição de servidão ambiental e Cota de Reserva Ambiental no imóvel rural, e para acessar os mecanismos de compensação da Reserva Legal;
requisitar autorização de intervenção e supressão de vegetação em Áreas de Preservação Permanente e de Reserva Legal para atividades de baixo impacto ambiental; e
requisitar a autorização da continuidade das atividades agrossilvipastoris, de ecoturismo e de turismo rural em áreas rurais consolidadas até em 22 de julho de 2008 localizadas em Áreas de Preservação Permanente e Reserva Legal; e para
acessar o credito agrícola, em qualquer de suas modalidades, após 31 de dezembro de 2017.","Fazer a inscrição de um imóvel rural no CAR (Cadastro Ambiental Rural) é obrigatório para proprietários e possuidores de terras no Brasil. O processo é online e gratuito. Vou te explicar de forma clara:

🌱 O que é o CAR?

O Cadastro Ambiental Rural (CAR) é um registro eletrônico nacional criado pelo Sistema Nacional de Cadastro Ambiental Rural, exigido pelo Código Florestal Brasileiro. Ele reúne informações ambientais da propriedade, como áreas de vegetação, reserva legal e áreas de preservação permanente (APP).

📝 Passo a passo para fazer o cadastro
1. Acesse o sistema oficial

Entre no site do SICAR - Sistema de Cadastro Ambiental Rural (plataforma oficial do CAR).

2. Baixe ou use a versão online

Você pode:

Usar o sistema diretamente pelo navegador (mais comum hoje)
Ou baixar o programa (menos usado atualmente)
3. Separe os documentos necessários

Tenha em mãos:

Documento pessoal (CPF ou CNPJ)
Comprovante de propriedade ou posse (escritura, contrato, etc.)
Informações da área (tamanho, localização)
Arquivo do imóvel (se tiver georreferenciamento)
4. Desenhe o mapa da propriedade

No próprio sistema você vai:

Delimitar o perímetro do imóvel
Identificar:
Áreas de Presação Permanente (APP)
Reserva Legal
Áreas de uso consolidado
Vegetação nativa

💡 Dá para usar imagens de satélite disponíveis na plataforma.

5. Preencha os dados ambientais

Inclua informações como:

Tipo de uso do solo
Atividades desenvolvidas
Situação da vegetação
6. Envie o cadastro

Depois de revisar tudo:

Envie no sistema
Gere o recibo de inscrição (guarde bem!)
⚠️ Importante saber
O CAR não é um documento de propriedade, é apenas um registro ambiental.
O cadastro pode ser analisado depois pelo órgão ambiental estadual.
Quem não faz o CAR pode ter dificuldades com crédito rural e regularização.
🏢 Quem pode ajudar?

Se tiver dificuldade, você pode procurar:

EMATER (assistência técnica rural)
INCRA
Secretarias de meio ambiente do seu estado
👍 Dica final

Se o imóvel for grande ou tiver dúvidas no mapeamento, vale a pena contratar um técnico (engenheiro agrônomo ou ambiental), porque erros podem complicar a regularização depois.","0,828","0,0623","0,6748",fraco,1,1,0,0,0,0,,,
Quem deve estar inscrito no CAR?,"A inscrição no CAR é obrigatória para todos os imóveis rurais do país, inclusive áreas e territórios de uso coletivo, tituladas ou concedidas a povos ou comunidades tradicionais e imóveis rurais de Programa de Reforma Agrária caracterizados como assentamento, independente da forma de titulação e da exploração do imóvel rural.","O CAR (Cadastro Ambiental Rural) é obrigatório para praticamente todos os imóveis rurais no Brasil. Ele foi criado pelo Código Florestal Brasileiro (Lei nº 12.651/2012) e serve para registrar informações ambientais das propriedades.

📌 Quem deve se inscrever no CAR?

Devem estar inscritos:

Proprietários de imóveis rurais (com escritura ou registro)
Possuidores rurais (mesmo sem título formal, mas que ocupam a terra legalmente)
Arrendatários ou concessionários, em alguns casos específicos (dependendo do contrato)
Assentamentos da reforma agrária
Terras de povos e comunidades tradicionais (como indígenas e quilombolas, com regras específicas)

👉 Em resumo: qualquer pessoa física ou jurídica que detenha ou utilize imóvel rural precisa cadastrar.

🌱 O que conta como imóvel rural?

É qualquer área fora do perímetro urbano usada para:

Agricultura 🌾
Pecuária 🐄
Extrativismo 🌳
Silvicultura 🌲

Mesmo pequenas propriedades ou sítios entram na regra.

⚠️ Por que é obrigatório?

Sem o CAR, o proprietário pode ter problemas como:

Dificuldade para conseguir crédito rural 💰
Restrição em licenças ambientais
Multas ou sanções ambientais

Além disso, o CAR é essencial para aderir ao Programa de Regularização Ambiental (PRA).

✔️ Importante saber
O cadastro é gratuito
Deve ser feito online no sistema do Sistema Nacional de Cadastro Ambiental Rural (SICAR)
Cada imóvel rural precisa de um cadastro próprio","0,7999","0,0173","0,6433",fraco,1,1,0,0,0,1,,,
Quem pode fazer a inscrição no CAR?,"A inscrição no CAR poderá ser feita por um cadastrante, pelo próprio proprietário / possuidor do imóvel rural ou por um representante legal, pessoa física que estará habilitada pelo proprietário / possuidor a representá-lo em todas as etapas do CAR.

As áreas e territórios de uso coletivo, tituladas ou concedidas a povos ou comunidades tradicionais deverão ser inscritas no CAR pelo órgão ou instituição competente pela sua gestão ou pela entidade representativa proprietária ou concessionária dos imóveis rurais.

É de responsabilidade do órgão fundiário competente a inscrição no CAR dos assentamentos de Reforma Agrária. Nos casos da inscrição individualizada dos lotes contidos nos assentamentos de Reforma Agrária, é opcional fazê-lo por seus próprios meios ou contando com o apoio do órgão fundiário competente, para proceder os respectivos cadastros no CAR.

","A inscrição no CAR (Cadastro Ambiental Rural) pode ser feita por diferentes pessoas — não é limitada só ao dono da propriedade.

✅ Quem pode fazer a inscrição:
O proprietário rural (quem tem a escritura da terra)
O possuidor rural (quem ocupa ou utiliza a área, mesmo sem título formal)
Arrendatários ou parceiros rurais, desde que autorizados
Representantes legais (como advogados ou procuradores)
Técnicos especializados (engenheiros agrônomos, florestais, etc.), contratados para isso
⚠️ Importante saber:
A responsabilidade pelas informações é sempre do dono/possuidor, mesmo que outra pessoa faça o cadastro
O CAR é obrigatório para todos os imóveis rurais no Brasil
O cadastro é feito online pelo sistema do governo (SICAR)
🧠 Dica prática:

Muita gente prefere contratar um técnico porque o CAR exige:

delimitação da área no mapa
identificação de APP, Reserva Legal, etc.","0,8835","0,0536","0,7175",aceitável,1,1,1,0,0,1,,,
Quem é o responsável pelas informações declaradas no CAR?,"As informações declaradas são de inteira responsabilidade do proprietário ou do possuidor do imóvel rural.

O instituto da propriedade e da posse são aqueles definidos conforme o Código Civil. Assim sendo, entende-se como proprietário aquele que tem a faculdade de usar, gozar e dispor de parcela que compõe o imóvel rural, e o direito de reavê-la do poder de quem quer que injustamente a possua ou detenha e possuidor a qualquer título. É considerado possuidor aquele que tem a posse plena do imóvel rural, sem subordinação (posse com animus domini), seja por direito real de fruição sobre coisa alheia, como ocorre no caso do usufrutuário, seja por ocupação, autorizada ou não.","O responsável pelas informações declaradas no CAR (Cadastro Ambiental Rural) é o próprio declarante do imóvel rural, ou seja:

o proprietário do imóvel, ou
o possuidor rural (quem ocupa ou utiliza a área de forma legítima)
✔️ O que isso significa na prática?

Quem faz o cadastro:

Responde legalmente por todas as informações inseridas;
Declara que os dados são verdadeiros e atualizados;
Pode sofrer sanções administrativas, civis e até penais caso haja informações falsas ou incorretas.
📌 Base legal

Essa responsabilidade está prevista na legislação ambiental brasileira, especialmente no âmbito do CAR, que funciona como um registro autodeclaratório.

⚠️ Importante

Mesmo que você contrate um técnico (engenheiro ambiental, agrônomo, etc.) para fazer o cadastro:

A responsabilidade final continua sendo do proprietário/possuidor, não do técnico.","0,7116","0,1161","0,5925",fraco,1,0,0,0,0,1,,,
O que é o Recibo de Inscrição e o Número de Registro no CAR?,"O “Recibo de Inscrição do Imóvel Rural no CAR” emitido pelo SICAR, que inclui o 'Número de Registro no CAR', é o documento comprobatório da efetivação da inscrição no Sistema de Cadastro Ambiental Rural - SICAR. Formaliza entrega da documentação exigida para a análise da regularidade ambiental do imóvel rural e da localização da área de Reserva Legal (RL), mas não atesta a aprovação da localização da RL e nem serve como comprovação fundiária.

Deve ser armazenado em pasta de fácil acesso pois é essencial ao usuário para cadastrar-se na Central do Proprietário / Possuidor e para retificar as informações declaradas ao SICAR.

O Recibo de Inscrição é emitido ao usuário pelo SICAR em extensão '.pdf', ao ser recebido pelo SICAR o arquivo '.car'. Quando emitido ao usuário, esse documento '.pdf', pode ser salvo automaticamente no computador em 'Disco Local (C:) >> Users >> Nome do usuário >> Downloads'. Os Estados que utilizam Sistemas próprio ou Módulo de Cadastro do SICAR com receptor estadual necessitam efetuar integração com a base de dados do SICAR para a emissão do 'Recibo de Inscrição do Imóvel Rural no CAR'. Nesses casos, a emissão do Recibo não ocorrerá imediatamente após o envio do arquivo '.car' pelo usuário.

","📄 Recibo de Inscrição no CAR

É o documento oficial que comprova que o imóvel rural foi cadastrado no sistema do Cadastro Ambiental Rural.

O que ele contém:
Dados do proprietário ou possuidor
Informações do imóvel (área, localização, etc.)
Mapa da propriedade
Áreas ambientais (APP, Reserva Legal, etc.)
Número de registro no CAR

👉 Em resumo: é como um “comprovante de cadastro”.

🔢 Número de Registro no CAR

É um código único gerado automaticamente quando o cadastro é finalizado.

Características:
Funciona como um “CPF” do imóvel rural dentro do CAR
Identifica o cadastro em todo o país
É usado para consultar, atualizar ou regularizar a propriedade

👉 Em resumo: é o identificador do seu imóvel no sistema.

✔️ Diferença principal
Recibo de inscrição: documento completo que comprova o cadastro
Número de registro: código dentro desse recibo que identifica o imóvel
💡 Por que isso é importante?

Ter o CAR ativo é essencial para:

Regularização ambiental
Acesso a crédito rural
Participação em programas ambientais","0,847","0,0672","0,691",fraco,1,1,0,0,0,1,,,
Quais são os Estados que utilizam a versão padrão do Módulo de Cadastro do SICAR e quais possuem Sistemas próprios ou Módulo de Cadastro do SICAR com receptor estadual?,"Utilizam o Módulo de Cadastro do SICAR: Alagoas, Amapá, Amazonas, Ceará, Distrito Federal, Goiás, Maranhão, Minas Gerais, Paraíba, Paraná, Pernambuco, Piauí, Rio de Janeiro, Rio Grande do Norte, Roraima, Santa Catarina e Sergipe.

Utilizam o Módulo de Cadastro do SICAR com receptor estadual: Acre, Pará, Rio Grande do Sul e Rondônia.

Utilizam sistemas próprios: Bahia, Espirito Santo, Mato Grosso, Mato Grosso do Sul, São Paulo e Tocantins.

Os Estados que utilizam Sistemas próprio ou Módulo de Cadastro do SICAR com receptor estadual (Receptor SICAR estadual) necessitam efetuar integração dos dados estaduais com a base do SICAR para a emissão do “Recibo de Inscrição do Imóvel Rural no CAR”, documento que comprova ao proprietário/possuidor a efetivação da inscrição no SICAR. Nesses casos, a emissão do Recibo não ocorrerá imediatamente após o envio do arquivo “.car” pelo usuário.","A distinção entre os Estados que utilizam a versão padrão do Módulo de Cadastro do SICAR (federal) e aqueles que possuem sistemas próprios ou SICAR com receptor estadual está diretamente descrita nas orientações oficiais do CAR.

✅ Estados que utilizam a versão padrão do Módulo de Cadastro do SICAR

São aqueles em que o usuário baixa o módulo offline do SICAR federal para preencher o cadastro:

Alagoas (AL)
Amapá (AP)
Amazonas (AM)
Ceará (CE)
Goiás (GO)
Maranhão (MA)
Minas Gerais (MG)
Paraíba (PB)
Paraná (PR)
Pernambuco (PE)
Piauí (PI)
Rio de Janeiro (RJ)
Rio Grande do Norte (RN)
Roraima (RR)
Santa Catarina (SC)
Sergipe (SE)
Distrito Federal (DF)

➡️ Nesses entes, o procedimento padrão é:

baixar o módulo;
preencher os dados;
gerar arquivo .car;
enviar ao SICAR.
⚙️ Estados com sistemas próprios ou SICAR com receptor estadual

Todos os demais Estados brasileiros (não listados acima) utilizam uma das seguintes alternativas:

Sistema próprio estadual de CAR, ou
SICAR integrado com receptor estadual (customizado)

Exemplos conhecidos:

São Paulo (SP) → possui o SICAR-SP, com módulos customizados integrados ao sistema nacional
Outros estados fora da lista federal também seguem essa lógica (como MT, MS, BA, TO, RS, ES, AC, PA etc.).

➡️ Nesses casos:

o cadastro é feito diretamente no sistema do estado;
o envio e processamento passam primeiro pelo órgão estadual;
só depois ocorre integração com o SICAR nacional.
🧠 Resumo prático
Usam módulo padrão (federal): 17 UFs + DF
Usam sistema próprio ou receptor estadual: todos os outros estados

👉 Regra simples:

Se ao escolher a UF no site do CAR você é direcionado para baixar o módulo → usa padrão SICAR.
Se é redirecionado para um site estadual → sistema próprio/receptor estadual.","0,8647","0,103","0,7124",aceitável,1,1,1,0,0,1,,,
O que é o Demonstrativo da Situação do CAR?,"O Demonstrativo da Situação do CAR é um documento disponibilizado pelo SICAR que apresenta informações do cadastro do imóvel rural quanto:

à situação do cadastro (ativo, pendente ou cancelado);
à condição do andamento do processo de análise do cadastro (aguardando análise, em análise, analisado com pendências etc.);
aos dados declarados no CAR relativos à Cobertura do Solo, Reserva Legal, Áreas de Preservação Permanente e Áreas de Uso Restrito; e
à situação da Reserva Legal.
Em breve, o Demonstrativo da Situação do CAR também apresentará informações das áreas a recompor em Reserva Legal (RL), Áreas de Preservação Permanente e Áreas de Uso Restrito, bem como áreas de excedente / passivo de RL e das envolvidas em compensação.

Poderá ser consultado no SICAR, pelo link https://https://car.gov.br/#/consultar, ou pela Central do Proprietário / Possuidor, link https://https://car.gov.br/#/central/acesso.

","O Demonstrativo da Situação do CAR é um documento gerado dentro do sistema do Cadastro Ambiental Rural (CAR) que mostra o status atual de um imóvel rural em relação à regularização ambiental.

📄 O que ele é, na prática?

É como um “resumo oficial” da situação do seu cadastro ambiental. Ele indica se o imóvel está:

Regular
Em análise
Com pendências
Cancelado ou suspenso
🔍 O que aparece nesse demonstrativo?

Normalmente, o documento traz:

Dados do imóvel rural (localização, área, etc.)
Dados do proprietário ou possuidor
Número do recibo do CAR
Situação atual do cadastro
Informações ambientais, como:
Áreas de preservação permanente (APP)
Reserva legal
Uso consolidado da terra
📌 Para que serve?

Esse demonstrativo é importante porque:

Comprova que o imóvel está inscrito no CAR
Pode ser exigido em financiamentos agrícolas
Ajuda em processos de regularização ambiental
Pode ser solicitado por órgãos ambientais
⚠️ Importante saber
Estar inscrito no CAR não significa automaticamente que está regular — isso depende da análise do órgão ambiental.
O status pode mudar com o tempo, conforme o cadastro é analisado.","0,885","0,088","0,7256",aceitável,1,1,1,0,0,1,,,
Qual é a diferença entre o “Recibo de Inscrição do Imóvel Rural no CAR” e o “Demonstrativo da Situação do CAR”?,"O Recibo de Inscrição emitido pelo SICAR nos termos do §1º do art. 3º do Decreto nº 8.235, de 05 de maio de 2014 constitui documento comprobatório da efetivação da inscrição no Sistema de Cadastro Ambiental Rural – SICAR e protocolo de entrega da documentação exigida para a análise da localização da área de Reserva Legal. Apresenta informações relativas ao domínio e titularidade declaradas.

O Recibo de Inscrição não atesta a aprovação da localização da Reserva Legal conforme §1º do art.14 da Lei nº 12.651 de 25 de maio de 2012, e não se serve à aplicação do §1º do artigo 12 e dos artigos 16 e 18 da mesma Lei.

O Demonstrativo da Situação do CAR disponibilizado conforme art. 20 do Decreto nº 8.235, de 05 de maio de 2014 refletirá a situação das declarações e informações cadastradas ou retificadas no CAR no ato de consulta, incluída a situação do imóvel, a situação da aprovação da localização da área de reserva legal prevista no §1º do art.14 da Lei nº 12.651 de 25 de maio de 2012, e os indicativos de ativos ou déficits de remanescentes de vegetação nativa em áreas de reserva legal e de preservação permanente. É disponibilizado pelo SICAR para consultas no próprio site, link https://https://car.gov.br/#/consultar, ou pela Central do Proprietário / Possuidor, link https://https://car.gov.br/#/central/acesso.

","A diferença entre esses dois documentos do CAR (Cadastro Ambiental Rural) está basicamente na finalidade e no nível de informação que cada um apresenta:

📄 Recibo de Inscrição do Imóvel Rural no CAR

Esse é o comprovante de cadastro.

É gerado logo após você inscrever o imóvel no CAR
Serve como prova de que o imóvel foi registrado no sistema
Contém informações básicas, como:
Número do CAR
Dados do proprietário ou possuidor
Área do imóvel
Não indica se o cadastro foi analisado ou aprovado

👉 Em resumo:
É como um “protocolo” dizendo “seu imóvel foi cadastrado”.

📊 Demonstrativo da Situação do CAR

Esse documento mostra o status atual do cadastro.

Indica em que fase está o CAR, como:
Ativo
Pendente
Em análise
Validado
Cancelado
Pode trazer informações ambientais mais detalhadas, dependendo do caso
É usado para verificar se o imóvel está regular ou com pendências ambientais

👉 Em resumo:
É um “relatório de acompanhamento” dizendo “como está a situação do seu cadastro”.

🔍 Diferença principal
Recibo de Inscrição: comprova que o cadastro foi feito
Demonstrativo da Situação: mostra a condição atual e regularidade do cadastro","0,8146","0,0356","0,6588",fraco,1,1,0,0,0,1,,,
Qual é a diferença entre o Protocolo de preenchimento e Recibo de Inscrição do Imóvel Rural no CAR?,"O Protocolo é o documento que representa que a declaração do Módulo de Cadastro do SICAR foi preenchida e que o arquivo '.car' foi gerado, ao passo que o Recibo é o documento que comprova o envio com sucesso dessas informações à base do SICAR e, por consequência, a efetivação da inscrição do imóvel rural no CAR.","A diferença é basicamente em que etapa do cadastro no CAR o documento foi gerado e o que ele comprova.

✔️ 1. Protocolo de preenchimento
É gerado antes do envio ao sistema (SICAR).
Indica que você preencheu os dados do imóvel no módulo de cadastro e salvou o arquivo (.car).
Não comprova que o imóvel foi inscrito no CAR — apenas que o cadastro foi preparado.

👉 Em resumo: é um comprovante de que o cadastro foi feito localmente / preenchido, mas ainda não finalizado.

✔️ 2. Recibo de Inscrição do Imóvel Rural no CAR
É gerado depois que você envia o cadastro ao sistema (SICAR).
Confirma que as informações foram transmitidas com sucesso.
Contém o número de registro do CAR.
É o documento oficial que comprova que o imóvel está inscrito no CAR.

👉 Em resumo: é o comprovante de que o cadastro foi efetivamente realizado e registrado no sistema.

🧠 Diferença direta (bem simples)
Documento	Momento	O que prova
Protocolo de preenchimento	Antes do envio	Que você preencheu o cadastro
Recibo de inscrição	Depois do envio	Que o imóvel foi oficialmente inscrito no CAR
💡 Dica importante

Só o recibo de inscrição tem valor prático para:

comprovar regularidade ambiental,
acessar crédito rural,
participar de programas ambientais.

O protocolo sozinho não tem validade como registro no CAR.","0,8093","0,0625","0,66",fraco,1,1,0,0,0,1,,,
"Durante a aquisição ou venda de um imóvel rural quais são os procedimentos, em relação ao CAR, que devem ser observados?","Primeiramente, em relação ao CAR, recomenda-se como procedimento, solicitar ao vendedor a cópia ou o número do 'Recibo de Inscrição do Imóvel Rural no CAR'; e verificar, por meio do Demonstrativo da Situação do CAR, a situação das declarações e informações cadastradas ou retificadas, em especial, a situação da aprovação da localização da área de Reserva Legal e dos indicativos de ativos ou déficits de remanescentes de vegetação nativa em áreas de Reserva Legal e de Preservação Permanente.

A área de Reserva Legal deverá ser registrada no órgão ambiental competente por meio de inscrição no CAR, sendo vedada a alteração de sua destinação, nos casos de transmissão, a qualquer título, ou de desmembramento, com as exceções previstas em Lei. A aprovação da localização da Reserva Legal é fundamental aos procedimentos de compra e venda, uma vez que, em caso de fracionamento do imóvel rural, a qualquer título, será considerada, para fins de definição da área mínima de reserva, a área do imóvel antes do fracionamento.

Por meio do Demonstrativo da Situação do CAR também podem ser verificadas outras restrições do imóvel rural, como sobreposições com outros imóveis rurais, com Terras Indígenas, com Unidades de Conservação da Natureza, e com áreas embargadas pelos órgãos de controle e fiscalização ambiental

Essa verificação é feita no SICAR, link https://https://car.gov.br/#/consultar, inserindo o número do Recibo de Inscrição do Imóvel Rural no CAR ou número do Protocolo de preenchimento. Uma vez efetivada a negociação do imóvel rural, o novo proprietário ou possuidor deve assegurar-se que a inscrição no CAR seja retificada para alteração dos dados referentes à transação, incluída a atualização dos dados referentes aos novos proprietários.

","Durante a compra ou venda de um imóvel rural no Brasil, o Cadastro Ambiental Rural (CAR) tem papel importante porque reúne informações ambientais obrigatórias da propriedade. Veja os principais cuidados e procedimentos:

📌 1. Verificar se o imóvel está inscrito no CAR
Todo imóvel rural deve estar registrado no CAR (Lei nº 12.651/2012 – Código Florestal).
O comprador deve exigir o recibo de inscrição e consultar a situação no sistema (ativo, pendente ou cancelado).
Imóveis sem CAR podem trazer riscos legais e dificultar financiamento.
📌 2. Conferir a situação ambiental do imóvel
Analise se há:
Áreas de Preservação Permanente (APP) corretamente delimitadas
Reserva Legal (RL) declarada
Passivos ambientais (desmatamento irregular, por exemplo)
Caso haja pendências, pode ser necessário aderir ao Programa de Regularização Ambiental (PRA).
📌 3. Atualização do CAR após a transferência
Após a venda, o CAR deve ser atualizado com os dados do novo proprietário ou possuidor.
Essa atualização é obrigatória e deve ser feita no sistema do CAR pelo novo titular.
📌 4. Conferência das informações declaradas
Verifique se os limites do imóvel no CAR:
Correspondem à matrícula no cartório
Estão coerentes com georreferenciamento (quando aplicável)
Inconsistências podem gerar problemas futuros (inclusive embargos).
📌 5. Responsabilidade ambiental
Importante: obrigações ambientais acompanham o imóvel, não apenas o proprietário.
Ou seja, o comprador pode assumir passivos ambientais existentes.
📌 6. Uso do CAR em financiamentos e regularizações
Instituições financeiras frequentemente exigem CAR regular para crédito rural.
Também é usado em licenciamento ambiental e programas governamentais.
⚠️ Dica prática

Antes de fechar negócio, é recomendável:

Consultar um advogado ou técnico ambiental
Fazer uma due diligence ambiental da propriedade","0,8943","0,0371","0,7228",aceitável,1,1,1,0,0,1,,,
O que é o arquivo de extensão “.car”?,"O arquivo de extensão '.car' é o arquivo gerado pelo Módulo de Cadastro do SICAR, ao gravar para envio um cadastro finalizado. O envio do arquivo de extensão '.car' depende de acesso à internet, e poderá ser feito no Módulo de Cadastro do SICAR, botão “ENVIAR”, ou no SICAR, aba 'ENVIAR', link https://car.gov.br/#/enviar.

O sucesso no envio desse arquivo é confirmado pelo 'Recibo de Inscrição do Imóvel Rural no CAR' emitido pelo SICAR em extensão '.pdf', é o documento comprobatório da efetivação da inscrição no Sistema de Cadastro Ambiental Rural - SICAR.","A extensão “.car” pode ter vários significados, dependendo do contexto e do programa que criou o arquivo. Não existe um único padrão universal para esse tipo de arquivo. Aqui estão os usos mais comuns:

📦 1. Arquivo Compactado (CAR Archive)
Em alguns sistemas, “.car” é usado como arquivo compactado, semelhante a .zip ou .rar.
Pode guardar vários arquivos dentro de um só.
Geralmente precisa de um programa específico que criou o arquivo para abrir.
🧪 2. Arquivo de Dados Científicos (CAR – Chemistry/Materials)
Usado em softwares de química e simulação molecular, como o Materials Studio.
Armazena informações sobre estruturas moleculares (átomos, posições, ligações).
Comum em pesquisas científicas e engenharia de materiais.
📱 3. Android Compiled Resources
Em desenvolvimento Android, “.car” pode ser um arquivo de recursos compilados.
Ele contém imagens, layouts e outros recursos otimizados para apps.
Normalmente não é feito para ser aberto manualmente.
🚗 4. Arquivo relacionado a jogos ou simulações
Alguns jogos ou simuladores usam “.car” para armazenar dados de veículos (modelos, física, etc.).
Exemplo: jogos de corrida podem usar esse formato para carros personalizados.
⚠️ Como descobrir o seu caso?

Para identificar exatamente o seu arquivo:

Veja de onde ele veio (download, app, jogo, etc.)
Clique com o botão direito → “Abrir com” → teste programas
Se quiser, me diga:
onde você conseguiu o arquivo
ou envie o nome completo dele","0,6808","0,0308","0,5508",fraco,1,0,0,0,0,0,,,
Onde acesso os Manuais do CAR?,"No caso os sistemas desenvolvidos pelo Serviço Florestal Brasileiro, os Manuais do CAR estão disponíveis no SICAR, aba “Atendimento”, no link https://https://car.gov.br/#/suporte. Caso existam dúvidas que não forem atendidas pelos Manuais, relativas a inscrição, consulta e acompanhamento da situação da regularização ambiental de seus imóveis rurais, solicite ajuda ao órgão estadual competente em que se localiza o imóvel. Contatos disponíveis em https://car.gov.br/#/contatos.

","📘 1. Portal oficial do CAR (SICAR)

O principal local é o site do Sistema Nacional do CAR:

👉 Acessar o site oficial do CAR (SICAR)
Lá você encontra:
Manual do usuário (PDF)
Cartilhas e orientações
Acesso ao sistema e downloads

➡️ O próprio governo indica que o manual do módulo de cadastro fica disponível nesse portal para orientar o preenchimento e envio do CAR

📥 2. Link direto de manual (exemplo)

Você também pode acessar um manual completo (modelo oficial usado por estados):

👉 Baixar manual do módulo de cadastro do CAR (PDF)

Esse tipo de manual explica passo a passo:

Como instalar o módulo
Como desenhar o imóvel
Como preencher os dados
Como enviar o cadastro
🧑‍🌾 3. Plataforma “Meu Imóvel Rural”

Se você já tem CAR e quer documentos ou orientações:

👉 Acessar Meu Imóvel Rural

Lá você pode:

Baixar recibo e demonstrativo
Consultar dados do imóvel
Acessar informações vinculadas ao CAR
📍 4. Sites do órgão ambiental do seu estado

Dependendo do estado (ex: Minas Gerais), também existem:

Manuais específicos
Cartilhas locais
Orientações complementares

➡️ O próprio sistema direciona você ao órgão estadual responsável quando necessário

✔️ Resumindo
📌 Principal: site oficial do CAR → manuais completos
📌 Complemento: PDFs diretos e cartilhas
📌 Para usuários: Meu Imóvel Rural
📌 Regional: órgão ambiental do seu estado","0,8209","0,0384","0,6644",fraco,1,1,0,0,0,1,,,
"Como atualizar o Módulo de Cadastro e não perder os cadastros “em andamento” ou “concluídos”, porém não enviados ao SICAR?","Para atualizar o Módulo de Cadastro e não perder os cadastros “em andamento” ou “concluídos”, porém não enviados ao SICAR, a atualização deverá ser feita pelo botão “Atualizar” do Módulo de Cadastro instalado em seu computador. Caso a versão atualizada do aplicativo seja obtida diretamente do site e instalada novamente no computador, sobre a versão já instalada, os CAR preenchidos serão perdidos.

Para isso, o computador precisará de conexão à internet. Caso o Módulo de Cadastro não esteja atualizado, após clicar no botão mencionado, será exibida uma mensagem e então efetuado o download do pacote de atualizações que deverá ser instalado no computador. É essencial solicitar a atualização de versão a versão até o sistema apresentar a mensagem “O sistema já está atualizado”, dessa forma é possível saber se o Módulo de Cadastro já está com a versão atual.","Para não perder cadastros “em andamento” ou “concluídos”, mas ainda não enviados ao SICAR, a orientação é:

não baixe/instale o módulo de novo por fora.
Abra o Módulo de Cadastro que já está instalado no computador e use o botão “Atualizar”, no canto superior direito da tela. O próprio material de apoio alerta que baixar novamente o módulo, até mesmo de outro estado, pode causar perda dos cadastros em andamento.

Em prática:

Abra o módulo já instalado.
Clique em Atualizar.
Espere a atualização terminar.
Só depois continue editando, gravando para envio ou enviando os arquivos .car. O módulo tem justamente as funções de Cadastrar, Gravar para Envio, Enviar e Atualizar versão do sistema.

Um cuidado importante: o material de treinamento do CAR também recomenda iniciar e finalizar o cadastro sempre no mesmo computador, porque isso reduz risco de perda ou inconsistência nos arquivos locais.

Se você já finalizou um cadastro, uma proteção extra é gravar o arquivo .car antes de qualquer mudança, porque esse é o arquivo usado depois no envio ao SICAR.

Se quiser, eu posso te passar um passo a passo bem curto para Windows mostrando","0,8474","0,1685","0,7116",aceitável,1,1,1,0,0,1,,,
É necessário apresentar documentos comprobatórios?,"Os documentos comprobatórios das informações declaradas poderão ser solicitados, a qualquer tempo, pelo órgão competente, e poderão ser fornecidos por meio digital. No processo de análise das informações declaradas no CAR, o órgão competente poderá realizar vistorias no imóvel rural, bem como solicitar do proprietário ou possuidor rural a revisão das informações declaradas e os respectivos documentos comprobatórios. Caso detectadas pendências ou inconsistências nas informações declaradas e nos documentos apresentados no CAR, o órgão responsável poderá notificar o requerente para que preste informações complementares ou promova a correção e adequação das informações prestadas.

","Depende do contexto — você pode me dizer para qual situação?

Por exemplo:

Matrícula em escola/faculdade
Inscrição em concurso
Solicitação de benefício (como bolsa, auxílio, etc.)
Viagem ou imigração
Processo de trabalho

Em geral, sim: costuma ser necessário apresentar documentos comprobatórios (como identidade, comprovante de residência, renda, escolaridade, etc.), mas isso varia bastante conforme o caso.","0,4887","0,0309","0,3972",ruim,0,0,0,0,0,0,,,
Quais são os dados do imóvel rural a serem declarados no CAR?,"Os dados do imóvel rural a serem declarados na inscrição no CAR devem retratar a realidade do imóvel rural no momento da declaração. A contemplar as seguintes informações:

identificação do proprietário ou possuidor do imóvel rural;
comprovação da propriedade ou posse rural;
planta georreferenciada da área do imóvel, contendo a indicação das coordenadas geográficas com pelo menos um ponto de amarração do perímetro do imóvel e o perímetro das áreas de servidão administrativa, e a informação da localização das áreas de remanescentes de vegetação nativa, das Áreas de Preservação Permanente, das áreas de uso restrito, das áreas consolidadas e, caso existente, a localização da Reserva Legal.
Nos casos referentes à inscrição no CAR de imóveis até 4 módulos fiscais, que desenvolva atividades agrossilvipastoris, bem como de áreas tituladas de povos e comunidades tradicionais, que façam uso coletivo do seu território, poderá ser apresentado um croqui, indicando a área do imóvel rural, as Áreas de Preservação Permanente, as áreas de remanescentes de vegetação nativa que formam a Reserva Legal, as áreas de servidões administrativas, áreas consolidadas e as áreas de uso restrito, quando houver.

Deverão ser apresentados separadamente os dados referentes aos demais proprietários ou possuidores vinculados ao imóvel além daquele responsável pela inscrição, bem como o detalhamento das informações comprobatórias de todas as propriedades ou posses que compõem o imóvel rural, contemplando todos os envolvidos.

Para atendimento da elaboração da representação gráfica, planta ou croqui, do imóvel rural, poderão ser utilizadas imagens de satélite ou outros métodos disponíveis.

A localização e a delimitação sobre imagens georreferenciadas de áreas de remanescentes de vegetação nativa deverão ser indicadas sobre toda a área do imóvel rural, inclusive, sobre:

Áreas de Preservação Permanente;
áreas de uso restrito; e
áreas de Reserva Legal.
A localização e a delimitação sobre imagens georreferenciadas das Áreas de Preservação Permanente deverão observar:

as áreas definidas no art. 4 º da Lei n º 12.651, de 2012;
as áreas criadas entorno de reservatório d'água artificial, nos termos do art. 5 º da Lei n º 12.651, de 2012.
A localização e a delimitação sobre imagens georreferenciadas de áreas de uso restrito deverão observar os critérios descritos nos arts. 10 e 11 da Lei n º 12.651, de 2012, e, ainda:

nas propriedades localizadas em áreas de pantanais e planícies pantaneiras deverão ser indicadas, além do perímetro da área destinada à composição da Reserva Legal, as Áreas de Preservação Permanente consolidadas até 22 de julho de 2008; e
declarar as áreas com topografia com inclinação entre 25 º e 45 º
A localização e a delimitação sobre imagens georreferenciadas de áreas consolidadas deverão indicar:

áreas consolidadas em Áreas de Preservação Permanentes e Reserva Legal até 22 de julho de 2008, conforme o disposto no art. 61-A da Lei n º 12.651, de 2012; e
as áreas de uso restrito, conforme o disposto nos arts. 10 e 11 da Lei n º 12.651, de 2012.
A localização e a delimitação sobre imagens georreferenciadas de áreas de Reserva Legal deverão observar os seguintes critérios:

o cálculo da área de Reserva Legal dos imóveis que apresentem as áreas de servidão administrativa, será o resultado da exclusão dessas do somatório da área total do imóvel rural;
para a área de Reserva Legal que já tenha sido averbada na matrícula do imóvel, ou no Termo de Compromisso, quando se tratar de posse, poderá o proprietário ou possuidor informar, em ambos os casos, no ato da inscrição, as coordenadas do perímetro da Reserva Legal ou comprovar por meio da apresentação da certidão de registro de imóveis onde conste a averbação; e
para os casos em que houve supressão da vegetação, antes de 22 de julho de 2008, e que foram mantidos os percentuais de Reservas Legais previstos na legislação em vigor à época, os proprietários ou possuidores de imóveis rurais deverão comprovar que a supressão da vegetação ocorreu conforme disposto no art. 68 da Lei n º 12.651, de 2012.
A localização e a delimitação sobre imagens georreferenciadas de áreas de Reserva Legal nos imóveis rurais que detinham, em 22 de julho de 2008, área de até 4 (quatro) módulos fiscais e que possuam remanescente de vegetação nativa em percentuais inferiores ao previsto no art. 12 da Lei n º 12.651, de 2012, será descrita sobre a área ocupada com a vegetação nativa existente em 22 de julho de 2008, vedadas novas conversões para uso alternativo do solo, conforme disposto no art. 67 da Lei n º 12.651, de 2012.

Para cumprimento da manutenção da área de Reserva Legal, nas pequenas propriedades ou posses rurais familiares, poderão ser computadas as áreas com plantios de árvores frutíferas, ornamentais ou industriais, compostas por espécies exóticas, cultivadas em sistema intercalar ou em consórcio com espécies nativas da região em sistemas agroflorestais, conforme disposto no art. 54 da Lei n º 12.651, de 2012.

Nos casos em que as Reservas Legais não atendam aos percentuais mínimos estabelecidos no art. 12 da Lei 12.651/2012, o proprietário ou possuidor rural poderá solicitar a utilização, caso os requisitos estejam preenchidos, isolada ou conjuntamente, dos mecanismos previstos nos arts. 15, 16 e 66 da Lei n º 12.651, de 2012, para fins de alcance do percentual, quais sejam:

o cômputo das Áreas de Preservação Permanente no cálculo do percentual da Reserva Legal;
a instituição de regime de Reserva Legal em condomínio ou coletiva entre propriedades rurais;
a recomposição;
a regeneração natural da vegetação; ou
a compensação da Reserva Legal
O proprietário ou possuidor de imóvel rural que não dispõe dos percentuais estabelecidos nos incisos I e II do art. 12 da Lei n º 12.651, de 2012 e que deseje utilizar a compensação de Reserva Legal em Unidade de Conservação, conforme previsto no inciso III do § 5 º do art. 66 da mesma Lei, poderá indicar no ato da sua inscrição a pretensão de adoção dessa alternativa para regularização, conforme disposto no art. 26, desta Instrução Normativa.

Os proprietários ou possuidores de imóveis rurais que já compensaram a Reserva Legal em outro imóvel, em qualquer das modalidades, deverão indicar no ato da inscrição o número de inscrição no CAR do imóvel de origem da Reserva Legal ou a identificação do proprietário ou possuidor do imóvel rural.

Para o imóvel rural que contemple mais de um proprietário ou possuidor, pessoa física ou jurídica, deverá ser feita apenas uma única inscrição no CAR, com indicação da identificação correspondente a todos os proprietários ou possuidores.

Os proprietários ou possuidores de imóveis rurais, que dispõem de mais de uma propriedade ou posse em área contínua, deverão efetuar uma única inscrição para esses imóveis.

Para o cumprimento dos percentuais da Reserva Legal, bem como para a definição da faixa de recomposição de Áreas de Preservação Permanente, previstos nos arts. 12 e 61-A da Lei n º 12.651, de 2012, o proprietário ou possuidor deverá inscrever a totalidade das áreas.

Quando o imóvel rural tiver seu perímetro localizado em mais de um ente federado, a inscrição no CAR dar-se-á naquele que contemple o maior percentual de sua área, em hectare.

Diante do desmembramento ou fracionamento de imóvel rural já cadastrado no CAR, o proprietário ou possuidor responsável deverá promover a atualização do cadastro realizado. Para o imóvel rural originado do desmembramento ou fracionamento, o proprietário ou possuidor de imóvel rural deverá realizar nova inscrição.

O proprietário de imóvel rural que pretende destinar as áreas excedentes de Reserva Legal, parcial ou integralmente, para a compensação de Reserva Legal, conforme previsto no art. 66 da Lei n º 12.651, de 2012, poderá declarar essa intenção no ato da sua inscrição.

Será facultado ao proprietário ou possuidor de imóvel rural declarar no CAR os autos de infração emitidos pelos órgãos competentes, anteriores a 22 de julho de 2008, referentes ao imóvel rural cadastrado, conforme estabelecido no art. 60 da Lei n º 12.651, de 2012.

As informações declaradas no CAR deverão ser atualizadas pelo proprietário ou possuidor rural sempre que houver notificação dos órgãos competentes ou quando houver alteração de natureza dominial ou possessória, mediante autorização do órgão competente.","Para fazer o cadastro no Cadastro Ambiental Rural (CAR), você precisa informar um conjunto de dados detalhados sobre o imóvel rural. Esses dados servem para mapear a situação ambiental da propriedade. Aqui vai um resumo claro do que é exigido:

📍 1. Dados do proprietário ou possuidor
Nome completo ou razão social
CPF ou CNPJ
Endereço e informações de contato
Dados dos demais proprietários (se houver)
🗺️ 2. Informações do imóvel rural
Nome da propriedade
Município e estado
Área total (em hectares)
Tipo de posse (propriedade, posse, arrendamento etc.)
Número da matrícula ou registro (se existir)
📐 3. Delimitação georreferenciada (mapa)

Você precisa desenhar o imóvel em um mapa digital, informando:

Perímetro do imóvel
Áreas internas com coordenadas geográficas
🌱 4. Áreas ambientais obrigatórias

Dentro do mapa, é necessário identificar:

🌿 Áreas de Preservação Permanente (APP)
6
Margens de rios, lagos e nascentes
Encostas íngremes
Topos de morros
🌳 Reserva Legal (RL)
6
Percentual de vegetação nativa exigido por lei
Localização dentro do imóvel
🚜 Áreas de uso consolidado
6
Áreas já utilizadas antes de 22 de julho de 2008
Agricultura, pecuária, construções
🌲 Remanescentes de vegetação nativa
Áreas ainda preservadas dentro da propriedade
🌾 Áreas de uso restrito (se houver)
Ex: Pantanais, áreas alagadas ou com regras específicas
🧾 5. Documentação complementar (quando disponível)
Planta e memorial descritivo
Documentos de posse ou propriedade
Informações do georreferenciamento (se já tiver)
⚠️ Observações importantes
O CAR é obrigatório para todos os imóveis rurais no Brasil
Não exige, inicialmente, comprovação documental — é autodeclaratório
Os dados podem ser validados posteriormente pelos órgãos ambientais","0,8326","0,0213","0,6703",fraco,1,1,0,0,0,1,,,
É obrigatório declarar na inscrição os dados de outros proprietários ou possuidores vinculados ao mesmo imóvel?,"Sim, os dados referentes aos demais proprietários ou possuidores vinculados ao imóvel além daquele responsável pela inscrição, bem como o detalhamento das informações comprobatórias de identificação dos proprietários/ possuidores, e de todas as propriedades ou posses que compõem o imóvel rural, deverão ser apresentados separadamente, contemplando todos os envolvidos.","Sim — em geral, é obrigatório declarar os dados de outros proprietários ou possuidores vinculados ao mesmo imóvel, quando a inscrição (normalmente em cadastro imobiliário, regularização fundiária, CAR, ou processos similares) solicita essa informação.

Isso acontece porque:

O imóvel pode ter mais de um titular (copropriedade, herança, condomínio, posse compartilhada etc.).
O órgão responsável precisa identificar todos os envolvidos juridicamente.
Isso evita conflitos futuros sobre direitos de uso, venda, regularização ou impostos.
Em termos práticos:

Você deve informar:

Nome completo dos outros proprietários/possuidores
CPF ou CNPJ
Percentual de participação (quando aplicável)
Tipo de vínculo (proprietário, possuidor, herdeiro, etc.)
Se você não declarar:
A inscrição pode ser indeferida (negada)
Pode haver exigência de correção depois
Em alguns casos, pode gerar problemas legais ou inconsistências cadastrais
⚠️ Atenção

Existem exceções dependendo do tipo de cadastro ou programa (por exemplo, alguns permitem declarar apenas um representante, mas ainda exigem os demais como vinculados).","0,7643","0,1031","0,6321",fraco,1,1,0,0,0,1,,,
O que é considerado imóvel rural para o CAR?,"Para efeitos de inscrição no CAR, o imóvel rural é definido como de área contínua, localizado em zona rural ou urbana, que se destine ou possa se destinar à exploração agrícola, pecuária, extrativa vegetal, florestal ou agroindustrial, conforme disposto no inciso I do art. 4º da Lei no 8.629, de 25 de fevereiro de 1993, podendo ser caracterizado como:

pequena propriedade ou posse: com área de até 4 (quatro) módulos fiscais, incluindo as terras indígenas demarcadas e demais áreas tituladas de povos e comunidades tradicionais que façam uso coletivo do seu território;
média propriedade ou posse: com área superior a 4 (quatro) até 15 (quinze) módulos fiscais;
grande propriedade ou posse: com área superior a 15 (quinze) módulos fiscais
O conjunto de propriedades ou posses, em área contínua, pertencentes às mesmas pessoas, físicas ou jurídicas, será considerado como um único imóvel rural devendo ser feita uma única inscrição declarando as informações contidas nos respectivos documentos comprobatórios. Ressaltando que não é considerada quebra de continuidade a existência de estradas, córregos e pontes, por exemplo. Para o cumprimento dos percentuais da Reserva Legal, bem como para a definição da faixa de recomposição de Áreas de Preservação Permanente, previstos na Lei 12.651/12, será considerada a totalidade das áreas de propriedades e posses.

","No contexto do CAR (Cadastro Ambiental Rural), um imóvel rural é definido de forma específica pela legislação brasileira, principalmente pelo Código Florestal Brasileiro (Lei nº 12.651/2012).

📌 Definição oficial

Um imóvel rural é:

Qualquer área contínua de terra, independentemente do tamanho, que seja destinada ou possa ser destinada à atividade rural (como agricultura, pecuária, extrativismo ou silvicultura).

🧭 O que isso significa na prática?

Para o CAR, um imóvel rural inclui:

🌱 Áreas produtivas: lavouras, pastagens, plantações florestais
🌳 Áreas protegidas:
APP (Áreas de Preservação Permanente)
Reserva Legal
🏡 Benfeitorias: casas, currais, galpões
🌿 Áreas não utilizadas, mas com potencial rural

👉 Mesmo que você não esteja usando a terra no momento, se ela tem finalidade rural, precisa entrar no CAR.

⚠️ Pontos importantes
Área contínua: várias matrículas vizinhas do mesmo dono podem ser consideradas um único imóvel rural no CAR
Posse também conta: não precisa ter escritura — posse legítima já obriga o cadastro
Obrigatório: todo imóvel rural deve estar inscrito no CAR
🧾 Exemplo simples
Um sítio com plantação + mata nativa → ✅ imóvel rural
Um terreno grande sem uso, mas fora da cidade → ✅ imóvel rural
Um lote urbano dentro da cidade → ❌ não entra como imóvel rural","0,8587","0,018","0,6905",fraco,1,1,0,0,0,1,,,
O que é área de servidão administrativa?,"Área de servidão administrativa é uma área de utilidade pública declarada pelo Poder Público que afetem os imóveis rurais. (inciso V do artigo 2º da IN MMA nº 2, de 6/5/2014).

A servidão administrativa é o ônus ou encargo imposto por uma disposição legal sobre uma propriedade e limitadora do exercício do direito da propriedade, por razões de utilidade pública. Resulta imediatamente da Lei e do fato de existir um objeto que a Lei considere como dominante sobre os prédios vizinhos.

As servidões administrativas são as áreas ocupadas por rodovias, linhas de transmissão e reservatórios para abastecimento ou geração de energia declaradas como utilidade pública ou interesse social, entre outras. Essas áreas, quando existentes, ao serem declaradas no CAR, são descontadas da área total do imóvel para fins de cálculo do percentual para Reserva Legal, conforme previsto na Lei 12.651/12.

","A área de servidão administrativa é uma limitação legal imposta a um imóvel privado pelo poder público, para permitir a execução ou manutenção de serviços de interesse coletivo — mesmo que o terreno continue sendo do proprietário.

📌 Em termos simples:

É quando o governo ou uma concessionária (como energia, água, gás, telecomunicações) pode usar parte do seu terreno, sem comprar o imóvel, para instalar ou manter estruturas essenciais.

🏗️ Exemplos comuns:
Linhas de transmissão de energia elétrica
Dutos de gás ou petróleo
Redes de abastecimento de água e esgoto
Cabos de telecomunicações
Faixas ao longo de rodovias ou ferrovias
⚖️ Características principais:
Não tira a propriedade do dono (você continua sendo o proprietário)
Restringe o uso da área afetada (ex: não pode construir em cima)
Geralmente é permanente
Pode haver indenização, se causar prejuízo ao proprietário
É criada por ato do poder público ou por lei
📍 Exemplo prático:

Se passa uma linha de alta tensão sobre um terreno, o dono não pode construir uma casa naquele trecho — isso é uma servidão administrativa.

🤔 Diferença para desapropriação:
Servidão administrativa: você mantém o imóvel, mas com restrições
Desapropriação: o governo tira a propriedade (você deixa de ser dono)","0,855","0,0696","0,6979",fraco,1,1,0,0,0,1,,,
O que é área consolidada?,"Área rural consolidada é a área do imóvel rural com ocupação antrópica preexistente a 22 de julho de 2008, com edificações, benfeitorias ou atividades agrossilvipastoris, admitida, neste último caso, a adoção do regime de pousio.

","A expressão “área consolidada” pode ter significados diferentes dependendo do contexto, mas em geral se refere a uma área que já está ocupada, estruturada e estabilizada ao longo do tempo, com uso definido.

🏙️ No contexto urbano

Uma área consolidada é aquela que:

Já possui construções (casas, prédios, comércio)
Tem infraestrutura instalada (ruas, água, energia, esgoto)
Está ocupada há bastante tempo

👉 Exemplo: um bairro antigo da cidade, com tudo funcionando, é uma área urbana consolidada.

🌱 No contexto ambiental (muito comum em leis)

No Brasil, o termo aparece bastante no Código Florestal Brasileiro.

Nesse caso, área consolidada significa:

Um espaço que já foi ocupado ou modificado pelo ser humano antes de uma certa data (geralmente 22 de julho de 2008)
Pode incluir atividades como agricultura, pecuária ou construções

👉 Exemplo: uma fazenda que já existia antes dessa data pode ser considerada uma área rural consolidada, mesmo que esteja em área que hoje teria restrições ambientais.

📌 Resumindo
Consolidada = já estabelecida, ocupada e com uso contínuo
Pode ser urbana (cidade) ou rural/ambiental (uso do solo)","0,7112","0,0687","0,5827",fraco,1,0,0,0,0,1,,,
O imóvel rural que possui Reserva Legal averbada ou termo de compromisso para averbação é obrigado a ser inscrito no CAR? Qual é o tratamento para esses imóveis?,"Sim, a inscrição no CAR é obrigatória para todas as propriedades e posses rurais no Brasil. Nos casos em que a Reserva Legal já tenha sido averbada na matrícula do imóvel e a averbação identifique o perímetro e a localização da Reserva, o proprietário não será obrigado a delimitar a localização da Reserva Legal na inscrição. No entanto, deverá ser apresentada, para fins de comprovação, a certidão de registro de imóvel onde conste a averbação da Reserva Legal ou termo de compromisso já firmado nos casos de posse.


","Sim — todo imóvel rural deve ser inscrito no CAR (Cadastro Ambiental Rural), mesmo que já possua Reserva Legal (RL) averbada em cartório ou tenha firmado termo de compromisso para averbação.

📌 Base legal

Isso está previsto no Código Florestal Brasileiro, que tornou o CAR obrigatório para todos os imóveis rurais do país.

✅ Qual é o tratamento desses imóveis?

Para imóveis com RL já averbada ou com compromisso firmado, o tratamento é diferenciado, mas não dispensa o CAR:

1. Reserva Legal já averbada
A RL deve ser informada no CAR com base nos dados existentes.
Não é necessário fazer nova averbação — o CAR passa a ser o principal registro ambiental.
A averbação anterior continua válida como histórico.
2. Termo de compromisso para averbação
O proprietário deve informar o termo no CAR.
O compromisso será considerado no processo de regularização ambiental.
3. Integração ao sistema ambiental
O CAR passa a ser o registro oficial centralizado.
Mesmo áreas já regularizadas precisam constar no sistema para fins de:
monitoramento ambiental
controle do desmatamento
acesso a crédito rural e programas oficiais
⚠️ Resumo direto
✔️ CAR é obrigatório para todos os imóveis rurais
✔️ RL averbada não substitui o CAR
✔️ Informações existentes devem ser aproveitadas no cadastro
✔️ Esses imóveis entram no sistema como já regularizados (ou em regularização)","0,8817","0,0649","0,7183",aceitável,1,1,1,0,0,1,,,
Quais são os requisitos mínimos que um computador deve possuir para instalação do Módulo de Cadastro do SICAR?,"Requisitos mínimos:

Processador multinúcleo de 1,3 GHz ou mais rápido;
Windows Server® 2003 R2 (32 bits e 64 bits);
Windows Server® 2008 ou 2008 R2 (32 bits e 64 bits);
Windows 7 (32 bits e 64 bits);
Windows 8 (32 bits e 64 bits).
Os requisitos mínimos podem ser consultados no site do CAR, por meio do link https://https://car.gov.br/#/baixar, ao selecionar a sigla do Estado em que se localiza o imóvel a ser declarado.

","Os requisitos mínimos para instalação e uso do Módulo de Cadastro do SICAR (CAR) são relativamente simples, mas envolvem alguns pontos importantes de sistema, armazenamento e acesso. Com base nos manuais oficiais, os principais são:

💻 Requisitos mínimos do computador
🖥️ Sistema operacional
Microsoft Windows (versões como 2003, 2008, 7 ou 8 – 32 ou 64 bits)
👉 Em versões mais recentes, normalmente também funciona em Windows 10/11, embora os manuais antigos citem versões anteriores.
💾 Espaço em disco
Mínimo de 1 GB livre para instalar o sistema
Até 10 GB adicionais para armazenamento de imagens de satélite (dependendo da área do imóvel)
🌐 Conexão com a internet
Necessária para:
Baixar o sistema
Baixar imagens de satélite
Enviar o cadastro ao SICAR

⚠️ Não é obrigatória durante o preenchimento do cadastro (modo offline).

🔐 Permissões de usuário
É necessário:
Ter permissão para instalar programas
Em muitos casos, acesso de administrador do computador
🌍 Navegador de internet
Para acessar o site e baixar o módulo:
Google Chrome
Mozilla Firefox
Internet Explorer (versão 9 ou superior)
📌 Observações importantes
O sistema pode ser usado offline para preenchimento, mas o envio exige internet.
O desempenho melhora bastante com:
Mais memória RAM (não especificada oficialmente, mas recomendado ≥ 4 GB hoje)
HD/SSD com bom espaço livre
O tamanho das imagens pode variar muito conforme o município.
✅ Resumo simples

Um computador básico que atenda:

Windows instalado
~1 GB livre (idealmente mais de 10 GB disponíveis)
Internet para envio
Permissão de instalação

já consegue rodar o Módulo de Cadastro do SICAR.","0,8014","0,0721","0,6555",fraco,1,1,0,0,0,0,,,
Há custos para a inscrição do imóvel rural no CAR?,"Não, segundo o artigo 13 da Instrução Normativa MMA nº 2, de 6/5/2014, a inscrição e o registro do imóvel rural no CAR é gratuita.

O registro do imóvel rural no Cadastro Ambiental Rural (CAR) é um ato administrativo sem previsão de taxação, porém, considerando que a adequada inscrição de um imóvel rural no CAR, e posterior envio à base de dados do SICAR, depende da interpretação de dispositivos legais, de acesso à internet, e de habilidades para operar computadores e ferramentas do SICAR, dependendo da complexidade da situação do imóvel pode haver necessidade de contratação de um profissional para a execução do serviço, com consequente cobrança. A Constituição Federal não veda a cobrança, por entidades privadas, pela prestação de serviços de apoio técnico a particulares para o cumprimento de exigências legais controladas pelo Estado, tais como a inscrição de imóveis rurais no CAR com uso dos sistemas de informações oficiais disponíveis.

Como ato declaratório de particulares por força de lei, o cadastramento de imóveis rurais no CAR não é de iniciativa do poder público, cabendo a este apenas disponibilizar, na rede mundial de computadores, os sistemas eletrônicos de informações para que os proprietários e possuidores rurais possam cumprir com sua obrigação ambiental. O Ministério do Meio Ambiente (MMA) disponibiliza ao público, gratuitamente, o Módulo de Cadastro do Sistema de Cadastro Ambiental Rural (SICAR) no sítio eletrônico https://https://car.gov.br/#/, além de orientações necessárias para que os titulares de imóveis rurais, ou seus prepostos declarantes, possam elaborar os croquis eletrônicos e executar o devido registro público gratuito.

Cabe ao poder público prestar apoio técnico e jurídico, assegurada a gratuidade, na inscrição de imóveis rurais de até 4 (quatro) módulos fiscais que desenvolvam atividades agrossilvipastoris, bem como para imóveis de áreas tituladas de povos e comunidades tradicionais que façam uso coletivo do seu território. Para os demais casos, a inscrição poderá ser efetuada pelo próprio proprietário/possuidor, caso este se sinta apto, ou por terceiro, na função de cadastrante.

Para mais informações busque orientações junto ao órgão estadual competente, que pode ser encontrado no link https://https://car.gov.br/#/suporte.

","Não — a inscrição do imóvel rural no CAR (Cadastro Ambiental Rural) é gratuita.

O cadastro é feito de forma eletrônica no sistema oficial (SICAR) e não há cobrança de taxa pelo governo para se inscrever ou manter o cadastro atualizado .
Isso vale para qualquer proprietário ou possuidor rural no Brasil.
Então por que algumas pessoas falam em “custo”?

Embora o registro em si seja gratuito, podem surgir custos indiretos, se você optar por ajuda técnica:

Contratação de engenheiro, agrônomo ou consultor ambiental
Levantamento topográfico/georreferenciamento
Elaboração de mapas e documentos técnicos

Esses serviços são opcionais, mas comuns quando o imóvel é maior ou mais complexo .

💡 Exemplo: serviços profissionais podem variar de algumas centenas a alguns milhares de reais, dependendo do tamanho e da complexidade da propriedade .

Resumindo
✅ Inscrição no CAR: gratuita (obrigatória por lei)
💰 Custos só existem se você contratar apoio técnico (opcional)","0,9211","0,0403","0,745",aceitável,1,1,1,0,0,1,,,
A inscrição serve como comprovação fundiária?,"Conforme estipulado na Lei 12.651/2012, o CAR não será considerado título para fins de reconhecimento do direito de propriedade ou posse, tampouco substitui o cadastramento junto ao Sistema Nacional de Cadastro Rural – SNCR do Instituto Nacional de Colonização e Reforma Agrária – INCRA, conforme exigido no Art. 2° da Lei nº 10.267, de 28 de agosto de 2001, e a necessidade de certificação da poligonal do perímetro do imóvel junto ao INCRA, previsto no § 5º do art. 176 da Lei nº 6.015, de 31 de dezembro de 1973.

","Depende do tipo de “inscrição” que você está falando — mas, em geral, não, a inscrição sozinha não serve como comprovação fundiária plena.

✔️ O que é “inscrição” nesse contexto?

Normalmente pode se referir a:

Inscrição cadastral (municipal ou rural) — registro em cadastros como o do município ou do imóvel rural
Cadastro no INCRA (CCIR) — para imóveis rurais
Cadastro Ambiental Rural (CAR)
⚠️ Por que não comprova propriedade?

Essas inscrições:

Servem para controle administrativo, fiscal ou ambiental
Não provam que você é o dono legal do imóvel
Podem existir até para quem só possui ou ocupa a terra, sem título
✔️ O que realmente comprova propriedade?

Para comprovação fundiária válida no Brasil, o principal é:

Registro do imóvel no Cartório de Registro de Imóveis
(a chamada matrícula atualizada)

Sem esse registro, a pessoa pode até:

Ter posse
Pagar impostos
Estar cadastrada em órgãos oficiais

Mas não é considerada proprietária legalmente.

📌 Resumindo
Inscrição = cadastro administrativo
Matrícula no cartório = prova de propriedade","0,6372","0,0191","0,5136",fraco,1,0,0,0,0,1,,,
Quais são as consequências e sanções para o imóvel rural que não estiver inscrito no CAR?,"Não está regulamentada em norma federal explicitamente a previsão de sanções para a não adesão ao CAR. No entanto, existem sanções para o descumprimento da manutenção da área com cobertura de vegetação nativa a título de Reserva Legal.

Está prevista na Lei 12.651/12, como consequências para a não inscrição do imóvel no CAR, a impossibilidade de acesso ao crédito rural a partir de 31 de dezembro de 2017, impedimento no acesso a autorizações de supressão de vegetação e outras licenças, bem como restrições ao ingresso em programas de apoio e pagamentos por serviços ambientais governamentais. Além disso, a inscrição no CAR é condição obrigatória para a adesão ao PRA. Essas são as consequências conforme legislação Federal existente, podendo existir outras restrições, ou até sanções, em âmbito Estadual, Distrital ou Municipal. Informações detalhadas podem ser obtidas junto ao órgão estadual competente. Contatos disponíveis em https://car.gov.br/#/contatos.","A inscrição no Cadastro Ambiental Rural (CAR) é obrigatória para todos os imóveis rurais no Brasil, conforme o Código Florestal. A falta desse cadastro traz uma série de consequências jurídicas, administrativas e econômicas.

Aqui vai um resumo claro das principais sanções:

⚖️ 1. Sanções administrativas
O proprietário pode sofrer advertências e multas pelo não cadastramento.
As multas podem variar bastante, chegando a valores por hectare não inscrito.
🚫 2. Impedimentos ambientais
Não consegue licenças ambientais ou autorizações (ex.: desmatamento legal, manejo florestal).
Pode haver restrição ou até paralisação de atividades produtivas.
💰 3. Restrição ao crédito e incentivos
Fica impedido de acessar crédito rural e financiamentos bancários.
Não pode participar de programas governamentais e incentivos fiscais.
🌱 4. Impossibilidade de regularização ambiental
Sem o CAR, não é possível aderir ao Programa de Regularização Ambiental (PRA).
Isso impede regularizar passivos ambientais (como APP ou Reserva Legal em desacordo).
⚖️ 5. Problemas jurídicos e patrimoniais
Dificuldades para:
vender ou transferir o imóvel
regularizar a posse
realizar inventários e partilhas
Pode haver responsabilização por danos ambientais.
📉 6. Impactos econômicos indiretos
Dificuldade de:
comercializar produtos agrícolas
obter certificações ambientais
Perda de competitividade no mercado rural.
✔️ Conclusão

Embora nem todas as penalidades estejam expressas diretamente como punições automáticas na lei federal, na prática a ausência do CAR inviabiliza a atividade rural regular — bloqueando crédito, licenças e a própria regularização ambiental.

👉 Em outras palavras: o imóvel sem CAR fica irregular ambientalmente e economicamente limitado.","0,8255","0,0481","0,67",fraco,1,1,0,0,0,0,,,
"O que acontece se existirem divergências de tamanho de área entre a existente em documentos e a delimitada no Módulo de Cadastro?
","Se a área informada na aba “Documentação” do Módulo de Cadastro do SICAR for diferente daquela vetorizada na aba “Geo”, o sistema sinalizará a existência de divergência. Caso os valores ultrapassem os percentuais de tolerância do SICAR, o sistema não permitirá a finalização do preenchimento da declaração e a geração do arquivo “.car”. Caso os valores estejam abaixo dos percentuais de tolerância, o sistema permitirá a finalização do preenchimento, porém, durante a análise, os técnicos dos órgãos estaduais competentes poderão notificar o proprietário/possuidor a retificar as informações pertinentes ou apresentar documentação comprobatória.

A regra e a tolerância utilizada pelo Módulo de Cadastro do SICAR para Imóveis rurais até 4 módulos fiscais são:

Não é gerado o arquivo “.car” se a vetorização for divergente 100% da área declarada em documento. Para isso o sistema faz duas checagens:
Não gera “.car” se a vetorização é maior ou igual ao dobro da área declarada. Ex: Área total em Documento = 50ha e Vetorização = 100ha
Não gera “.car” se a declaração em documento maior ou igual ao dobro da área vetorizada. Ex: Área total em Documento = 100ha e Vetorização = 50ha
A regra e a tolerância utilizadas pelo Módulo de Cadastro do SICAR para Imóveis rurais acima de 4 módulos fiscais são:

Não é gerado “.car” se a vetorização for divergente 50% da área declarada em documento. Para isso o sistema faz duas checagens:
Não gera o arquivo “.car” se a vetorização for maior ou igual 1,5 vezes que a área declarada. Ex: Área total em Documento = 100ha e Vetorização = 150ha
Não gera “.car” se a declaração for maior ou igual 1,5 vezes maior que a área vetorizada. Ex: Área total em Documento = 150ha e Vetorização = 100ha
Para os casos em que a área da propriedade/posse vetorizada seja maior que área constante em documentação, superando os limites de tolerância e impossibilitando a finalização do preenchimento do cadastro, o usuário deve declarar a área vetorizada excedente na etapa documentação como posse por meio do Termo de Autodeclaração.

","Quando existe divergência de área entre o que está nos documentos (como escritura, matrícula, CAR, etc.) e o que foi delimitado no Módulo de Cadastro, isso pode gerar algumas consequências importantes — principalmente em cadastros rurais, ambientais ou fundiários.

📌 O que normalmente acontece:

1. O sistema pode apontar inconsistência
Se a área desenhada (georreferenciada) for diferente da área declarada nos documentos, o cadastro pode ficar com status de pendente, inconsistente ou em análise.

2. Pode haver bloqueio ou exigência de correção
Órgãos como o INCRA ou o SICAR podem exigir que você:

Corrija o polígono (desenho da área), ou
Atualize os dados documentais

3. Possíveis problemas legais ou administrativos
A divergência pode indicar:

Sobreposição com outro imóvel
Erro de medição antiga
Diferença entre área real e registrada

Isso pode dificultar:

Regularização fundiária
Venda do imóvel
Financiamentos rurais
Licenciamento ambiental

4. Necessidade de georreferenciamento correto
Em muitos casos, será preciso fazer ou atualizar o georreferenciamento com profissional habilitado, seguindo normas do INCRA.

⚖️ Como resolver a divergência:
Conferir a matrícula do imóvel no cartório
Revisar o levantamento topográfico/georreferenciamento
Ajustar o cadastro no sistema (ou retificar no cartório, se necessário)
Consultar um engenheiro agrimensor ou técnico especializado
✔️ Resumo simples:

Se os números não batem, o sistema não ignora isso — ele exige correção. E quanto maior a diferença, maior a chance de travar processos ou gerar problemas legais.","0,7548","0,0307","0,61",fraco,1,1,0,0,0,0,,,
Por que na aba “Geo” do Módulo de Cadastro as imagens somem ao aumentar o zoom?,"As imagens somem ao aumentar o zoom quando a transferência não ocorre por completo, embora, algumas vezes, seja exibida mensagem informando que o município foi baixado com sucesso. Caso esta situação ocorra é necessário proceder novamente o download das imagens em “Baixar Imagens”, no Módulo de Cadastro, até que deixem de desaparecer ao aumentar o zoom no local de interesse. Para baixar por completo as imagens, no Módulo de Cadastro, é importante um acesso de qualidade à internet.","Isso costuma acontecer por um destes motivos na interface da aba Geo:

A imagem está dentro de um container com recorte
Ao aumentar o zoom, a imagem cresce, mas o elemento pai pode estar com overflow: hidden, largura/altura fixa, ou recálculo incorreto. Aí ela parece “sumir”, quando na verdade está sendo cortada fora da área visível.
Problema de escala via CSS
Se o zoom usa transform: scale(...), pode ocorrer:
deslocamento da imagem para fora do viewport
perda do ponto de origem do zoom (transform-origin)
conflito com position: absolute / relative
Camadas sobrepostas
Um painel, canvas, mapa, ou overlay pode ficar por cima da imagem em níveis maiores de zoom por causa de z-index.
Limite ou erro no render do componente
Em componentes de mapa/imagem, às vezes o zoom dispara um redraw e:
a imagem não é recarregada
a resolução esperada não existe naquele nível
o componente limpa a camada antes de redesenhar e falha no processo
Imagem carregada em resolução fixa
Se a aba “Geo” usa miniatura ou tile, ao ampliar além do suportado o sistema pode ocultar a camada em vez de interpolar.
Bug de responsividade ou do navegador
Pode acontecer só em certos navegadores ou com zoom do próprio browser, especialmente se o módulo mistura:
canvas
SVG
imagem absoluta
renderização de mapa

Para verificar rápido:

inspecione o elemento e veja se a imagem continua no DOM quando “some”
confira overflow, transform, transform-origin, z-index, width/height
teste se some com o zoom interno da aba ou com o zoom do navegador
valide se o container pai muda de tamanho ou posição ao ampliar
veja no console se aparece erro de redraw/carregamento","0,692","0,0472","0,563",fraco,1,0,0,0,0,0,,,